,player,player_id
0,Tariq Abdul-Wahad,1505
1,Courtney Alexander,2042
2,Kenny Anderson,72
3,Robert Archibald,2425
4,Brandon Armstrong,2220
5,Dana Barros,344
6,Mengke Bateer,2370
7,Lonny Baxter,2437
8,Jerome Beasley,2602
9,Troy Bell,2559
10,Corie Blount,916
11,Ruben Boumtje-Boumtje,2257
12,J.R. Bremer,2452
13,Jamison Brewer,2249
14,Ernest Brown,2081
15,Kedrick Brown,2208
16,Mitchell Butler,348
17,Maurice Carter,2466
18,Doug Christie,57
19,Keon Clark,1721
20,Derrick Coleman,934
21,Bimbo Coles,902
22,Chris Crawford,1544
23,Michael Curry,688
24,Hubert Davis,93
25,Andrew DeClercq,692
26,Derrick Dial,1760
27,Bryce Drew,1724
28,Obinna Ekezie,1918
29,Evan Eschmeyer,1915
30,Desmond Ferguson,2724
31,Alton Ford,2228
32,Tremaine Fowlkes,1762
33,Rick Fox,296
34,Hiram Fuller,2673
35,Alex Garcia,2682
36,Kendall Gill,383
37,Dion Glover,1901
38,Horace Grant,270
39,Paul Grant,1514
40,Marcus Haislip,2409
41,Zendon Hamilton,1985
42,Travis Hansen,2580
43,Anfernee Hardaway,358
44,Lucious Harris,446
45,Donnell Harvey,2051
46,Shane Heal,1049
47,Tyrone Hill,238
48,Allan Houston,275
49,Ryan Humphrey,2415
50,Mark Jackson,349
51,Chris Jefferies,2423
52,Britton Johnsen,2639
53,Avery Johnson,422
54,Popeye Jones,461
55,Kerry Kittles,954
56,Rusty LaRue,1601
57,Sean Lampley,2253
58,Dan Langhi,2061
59,Quincy Lewis,1900
60,Raul Lopez,2221
61,Todd MacCulloch,1928
62,Karl Malone,252
63,Jamal Mashburn,469
64,Amal McCaskill,1043
65,Oliver Miller,932
66,Jerome Moiso,2040
67,Tracy Murray,145
68,Charles Oakley,891
69,Doug Overton,77
70,Robert Pack,123
71,Cherokee Parks,685
72,Desmond Penigar,2667
73,Scottie Pippen,937
74,Olden Polynice,178
75,Glen Rice,779
76,Eddie Robinson,1944
77,Sean Rooks,399
78,Ansu Sesay,1738
79,Tamar Slay,2447
80,Leon Smith,1910
81,Theron Smith,2604
82,Vladimir Stepania,1735
83,Rod Strickland,393
84,Gary Trent,718
85,Jeff Trepagnier,2244
86,Cezary Trybanski,2456
87,Slavko Vranes,2582
88,Dajuan Wagner,2402
89,Samaki Walker,955
90,John Wallace,961
91,Charlie Ward,369
92,Jahidi White,1751
93,Chris Whitney,43
94,Scott Williams,281
95,Wang Zhi-zhi,1917
96,Cory Alexander,724
97,Maurice Baker,2486
98,Jon Barry,468
99,Travis Best,696
100,Tony Bobbitt,2800
101,Curtis Borchardt,2414
102,Shawn Bradley,762
103,Torraye Braggs,1765
104,Damone Brown,2245
105,Tierre Brown,2357
106,Rodney Buford,1934
107,Elden Campbell,922
108,Geno Carlisle,2367
109,Lionel Chalmers,2763
110,Mateen Cleaves,2043
111,Jason Collier,2044
112,Omar Cook,2241
113,Erik Daniels,2845
114,Antonio Davis,213
115,Josh Davis,2668
116,Vlade Divac,124
117,Predrag Drobnjak,1542
118,Ndudi Ebi,2569
119,Corsley Edwards,2451
120,Luis Flores,2784
121,Lawrence Funderburke,1444
122,Reece Gaines,2558
123,Anthony Goldwire,924
124,Tom Gugliotta,339
125,Darvin Ham,1032
126,Ben Handlogten,1052
127,Fred Hoiberg,697
128,Brandon Hunter,2599
129,Horace Jenkins,2798
130,Mark Jones,2891
131,Brandin Knight,2688
132,Ibrahim Kutluay,2825
133,Christian Laettner,363
134,George Lynch,248
135,Tony Massenburg,763
136,Ron Mercer,1500
137,Anthony Miller,292
138,Reggie Miller,397
139,Mamadou N'diaye,2055
140,Lee Nailon,1924
141,Greg Ostertag,731
142,Anthony Peeler,324
143,Kirk Penney,2632
144,Wesley Person,445
145,Mark Pope,998
146,Laron Profit,1919
147,Aleksandar Radojevic,1893
148,Peter John Ramos,2762
149,Glenn Robinson,299
150,Rodney Rogers,915
151,Bryon Russell,935
152,Daniel Santiago,2091
153,Paul Shirley,2321
154,Jabari Smith,2074
155,Steven Smith,120
156,Latrell Sprewell,84
157,Michael Stewart,1565
158,Erick Strickland,1065
159,Bruno Sundov,1743
160,Bob Sura,682
161,Yuta Tabuse,2657
162,Robert Traylor,1714
163,Jackson Vroman,2761
164,Clar. Weatherspoon,221
165,Rodney White,2206
166,Frank Williams,2421
167,Jerome Williams,966
168,Shandon Anderson,1000
169,Martynas Andriuskevicius,101149
170,Stacey Augmon,278
171,Vin Baker,452
172,Eddie Basden,101188
173,Michael Bradley,2214
174,Rick Brunson,1594
175,Antonio Burks,2766
176,Kevin Burleson,101207
177,Zarko Cabarkapa,2560
178,Calbert Cheaney,384
179,Tony Delk,960
180,John Edwards,2823
181,Howard Eisley,458
182,Noel Felix,101230
183,Gerald Fitch,2809
184,Marcus Fizer,2033
185,Sharrod Ford,101213
186,Richie Frahm,2499
187,Deng Gai,101184
188,Eddie Gill,2109
189,Brian Grant,258
190,Devin Green,101209
191,Eddie Griffin,2204
192,Anthony Grundy,101219
193,Ha Ha,2775
194,Julius Hodge,101125
195,Randy Holcomb,2450
196,Jermaine Jackson,1983
197,Jim Jackson,754
198,Ervin Johnson,911
199,Mario Kasun,2435
200,Toni Kukoc,389
201,Maciej Lampe,2573
202,Voshon Lenard,702
203,Arvydas Macijauskas,101178
204,Walter McCarty,962
205,Aaron Miles,101223
206,Sergei Monia,2752
207,Terence Morris,2242
208,Lamond Murray,441
209,Boniface Ndong,101238
210,Moochie Norris,983
211,Scott Padgett,1909
212,Milt Palacio,1960
213,Zoran Planinic,2565
214,Pavel Podkolzin,2750
215,Zeljko Rebraca,1442
216,Justin Reed,2770
217,Melvin Sanders,2684
218,Alex Scales,2637
219,Charles Smith,1520
220,Donta Smith,2764
221,Chris Taft,101147
222,Maurice Taylor,1508
223,James Thomas,2839
224,John Thomas,1519
225,Nikoloz Tskitishvili,2401
226,Nick Van Exel,89
227,Keith Van Horn,1496
228,Matt Walsh,101190
229,Jiri Welsch,2412
230,Robert Whaley,101156
231,Alvin Williams,1541
232,Eric Williams,677
233,Qyntel Woods,2417
234,Derrick Zimmerman,2583
235,Hassan Adams,200801
236,Rafael Araujo,2737
237,Andre Barrett,2857
238,Esteban Batista,101212
239,Will Blalock,200807
240,Cedric Bozeman,200841
241,Dee Brown,200793
242,Pat Burke,2469
243,Jackie Butler,2866
244,Kelvin Cato,1509
245,Will Conroy,101215
246,Dale Davis,905
247,Daniel Ewing,101137
248,Danny Fortson,1504
249,Matt Freije,2782
250,Jorge Garbajosa,200816
251,Andreas Glyniadakis,2601
252,Orien Greene,101158
253,Lynn Greer,2696
254,Mike Hall,200837
255,Junior Harrington,2454
256,Alan Henderson,673
257,Robert Hite,200823
258,Troy Hudson,1607
259,Mile Ilic,101148
260,Luke Jackson,2739
261,Marc Jackson,1531
262,Sarunas Jasikevicius,101180
263,Jumaine Jones,1908
264,Viktor Khryapa,2751
265,Yaroslav Korolev,101117
266,James Lang,2591
267,Randy Livingston,988
268,Renaldo Major,200970
269,Damir Markota,200806
270,Rawle Marshall,101185
271,Darrick Martin,239
272,Chris McCray,200840
273,Ivan McFarlin,200829
274,Jeff McInnis,976
275,Aaron McKie,243
276,Keith McLeod,2693
277,Slava Medvedenko,2098
278,David Noel,200786
279,Michael Olowokandi,1709
280,Bo Outlaw,448
281,Ruben Patterson,1739
282,Gary Payton,56
283,Kevinn Pinkney,200838
284,Vitaly Potapenko,958
285,Roger Powell,101232
286,Allan Ray,200810
287,Jared Reiner,2876
288,Lawrence Roberts,101160
289,Bernard Robinson,2774
290,Clifford Robinson,361
291,Jalen Rose,147
292,Jamal Sampson,2441
293,Luke Schenscher,101195
294,Wayne Simien,101134
295,Uros Slokar,101166
296,Pape Sow,2776
297,Vassilis Spanoulis,2779
298,Michael Sweetney,2552
299,Donell Taylor,101182
300,Dijon Thompson,101159
301,Jake Tsakalidis,2054
302,Marcus Vinicius,200790
303,Chris Webber,185
304,David Wesley,133
305,Aaron Williams,1425
306,Justin Williams,200818
307,Shammond Williams,1742
308,Corliss Williamson,722
309,Kevin Willis,788
310,Bracey Wright,101152
311,Shareef Abdur-Rahim,949
312,Lance Allred,200984
313,Derek Anderson,1507
314,Darrell Armstrong,353
315,James Augustine,200788
316,Andre Brown,2810
317,P.J. Brown,136
318,Sam Cassell,208
319,Austin Croshere,1506
320,JamesOn Curry,201191
321,Paul Davis,200781
322,Guillermo Diaz,200799
323,Dan Dickau,2424
324,Kaniel Dickens,2079
325,Michael Doleac,1720
326,Ronald Dupree,2648
327,Nick Fazekas,201174
328,Steve Francis,1883
329,Pat Garrity,1727
330,Gordan Giricek,1921
331,Taurean Green,201192
332,Adrian Griffin,1559
333,Othella Harrington,970
334,David Harrison,2758
335,Herbert Hill,201195
336,Robert Horry,109
337,Casey Jacobsen,2418
338,Alexander Johnson,200792
339,DerMarr Johnson,2035
340,Bobby Jones,200784
341,Eddie Jones,224
342,Raef LaFrentz,1711
343,Keith Langford,101247
344,Stephane Lasme,201186
345,Jelani McCoy,1741
346,Alonzo Mourning,297
347,Bostjan Nachbar,2411
348,Juan Carlos Navarro,2434
349,Ira Newble,1956
350,Demetris Nichols,201193
351,Andre Owens,101261
352,Smush Parker,2470
353,Kosta Perovic,200785
354,Eric Piatkowski,15
355,Scot Pollard,1513
356,Kasib Powell,2867
357,Cheikh Samb,200798
358,Eric Snow,727
359,Kirk Snyder,2745
360,Awvee Storey,2852
361,Damon Stoudamire,757
362,Salim Stoudamire,101136
363,DJ Strawberry,201199
364,Billy Thomas,2873
365,Antoine Walker,952
366,Darius Washington,200827
367,Bonzi Wells,1719
368,Loren Woods,2254
369,Alex Acker,101165
370,Maurice Ager,200772
371,Brent Barry,699
372,Maceo Baston,1766
373,Mark Blount,1548
374,Calvin Booth,1916
375,Bruce Bowen,1477
376,Ryan Bowen,1763
377,Greg Buckner,1761
378,Speedy Claxton,2049
379,Joe Crawford,201621
380,Javaris Crittenton,201159
381,Jermareo Davidson,201176
382,Ricky Davis,1729
383,Juan Dixon,2413
384,Quincy Douby,200763
385,Desmon Farmer,2824
386,Adonal Foyle,1502
387,Thomas Gardner,201242
388,Matt Harpring,1723
389,Jason Hart,2078
390,Walter Herrmann,200835
391,Steven Hill,201631
392,Lindsey Hunter,283
393,Othello Hunter,201629
394,Bobby Jackson,1517
395,Jerome James,1744
396,Marko Jaric,2060
397,Dontell Jefferson,200971
398,Linton Johnson,2669
399,Damon Jones,1800
400,Fred Jones,2410
401,Tarence Kinsey,200814
402,Brevin Knight,1510
403,Rob Kurz,201633
404,Tyronn Lue,1731
405,Mark Madsen,2058
406,Stephon Marbury,950
407,Donyell Marshall,923
408,Desmond Mason,2046
409,Rashad McCants,101119
410,Pops Mensah-Bonsu,200822
411,Chris Mihm,2036
412,Darius Miles,2032
413,Cuttino Mobley,1749
414,Dikembe Mutombo,87
415,DeMarcus Nelson,201634
416,Gabe Pruitt,201172
417,Jeremy Richardson,200978
418,Anthony Roberson,101194
419,Malik Rose,990
420,Michael Ruffin,1913
421,Kareem Rush,2416
422,Mouhamed Sene,200754
423,Walter Sharpe,201594
424,Cedric Simmons,200759
425,Courtney Sims,201235
426,Sean Singletary,201606
427,Will Solomon,2226
428,Sun Sun,201180
429,Robert Swift,2741
430,Stromile Swift,2031
431,Wally Szczerbiak,1887
432,Mike Taylor,201446
433,Kenny Thomas,1903
434,Alando Tucker,201169
435,Roko Ukic,101146
436,Jacque Vaughn,1521
437,Jake Voskuhl,2063
438,Mike Wilks,2366
439,Marcus Williams,201173
440,Lorenzen Wright,953
441,Joe Alexander,201570
442,Rafer Alston,1747
443,Antonio Anderson,202079
444,Chucky Atkins,1088
445,Jonathan Bender,1886
446,Josh Boone,200767
447,Primoz Brezec,2056
448,Devin Brown,2484
449,Brian Butch,202221
450,Rodney Carney,200760
451,Jarron Collins,2260
452,Mardy Collins,200776
453,Yakhouba Diawara,200821
454,Travis Diener,101143
455,Michael Finley,714
456,Tony Gaffney,202070
457,Devean George,1904
458,J.R. Giddens,201592
459,Trey Gilder,201821
460,Taylor Griffin,201981
461,Malik Hairston,201612
462,Mike Harris,200839
463,Kenny Hasbrouck,202238
464,Trenton Hassell,2239
465,Jarvis Hayes,2553
466,Luther Head,101129
467,Larry Hughes,1716
468,Chris Hunter,201805
469,Steven Hunter,2212
470,Allen Iverson,947
471,Cedric Jackson,202132
472,Nathan Jawai,201605
473,Curtis Jerrells,201998
474,Anthony Johnson,1533
475,Dwayne Jones,101204
476,Coby Karl,201207
477,Oliver Lafayette,201802
478,Marcus Landry,202068
479,Sean Marks,1752
480,Sean May,101118
481,Randolph Morris,201043
482,Adam Morrison,200747
483,Flip Murray,2436
484,Rasho Nesterovic,1725
485,Patrick O'Bryant,200753
486,Fabricio Oberto,101177
487,Kevin Ollie,1563
488,Oleksiy Pecherov,200762
489,Morris Peterson,2050
490,Chris Richard,201181
491,Quinton Ross,2624
492,Brian Skinner,1730
493,Jermaine Taylor,201966
494,Tim Thomas,1501
495,Ime Udoka,2137
496,Rasheed Wallace,739
497,Kyle Weaver,201602
498,Jason Williams,1715
499,Jawad Williams,101214
500,Antoine Wright,101120
501,Malik Allen,2124
502,David Andersen,2431
503,Carlos Arroyo,2306
504,Renaldo Balkman,200764
505,Marcus Banks,2556
506,Charlie Bell,2294
507,Marqus Blakely,202392
508,Da'Sean Butler,202364
509,Derrick Caracter,202382
510,Anthony Carter,1853
511,Sherron Collins,202395
512,Marcus Cousin,202408
513,Antonio Daniels,1498
514,Ike Diogu,101113
515,Zabian Dowdell,202220
516,Francisco Elson,1922
517,Patrick Ewing,201607
518,T.J. Ford,2551
519,Joey Graham,101121
520,Stephen Graham,101211
521,Eddie House,2067
522,Zydrunas Ilgauskas,980
523,Darnell Jackson,201616
524,Pooh Jeter,200817
525,Trey Johnson,201234
526,Solomon Jones,200780
527,Jason Kapono,2574
528,Nenad Krstic,2420
529,Acie Law,201151
530,Gani Lawal,202371
531,DJ Mbenga,2788
532,Antonio McDyess,686
533,Hamady Ndiaye,202380
534,Andres Nocioni,2804
535,Shaquille O'Neal,406
536,Mehmet Okur,2246
537,Larry Owens,202082
538,James Posey,1899
539,Leon Powe,200796
540,Theo Ratliff,689
541,Andy Rautins,202360
542,Magnum Rolle,202375
543,Mustafa Shakur,201203
544,Garret Siler,202081
545,Joe Smith,693
546,Darius Songaila,2443
547,Peja Stojakovic,978
548,Pape Sy,202377
549,Etan Thomas,2041
550,Al Thornton,201154
551,Robert Vaden,201987
552,Willie Warren,202378
553,Sonny Weems,201603
554,Mario West,201238
555,Terrico White,202358
556,Julian Wright,201153
557,Yao Ming,2397
558,Blake Ahearn,201336
559,Solomon Alabi,202374
560,Morris Almond,201165
561,Gilbert Arenas,2240
562,Kelenna Azubuike,101235
563,Tony Battie,1499
564,Raja Bell,1952
565,Keith Benson,202728
566,Mike Bibby,1710
567,Earl Boykins,1863
568,Craig Brackins,202342
569,Jon Brockman,201972
570,Derrick Brown,201974
571,Derrick Byars,201182
572,Brian Cardinal,2073
573,Matt Carroll,2679
574,Josh Childress,2735
575,Brian Cook,2567
576,Eddy Curry,2201
577,Erick Dampier,956
578,Baron Davis,1884
579,Eric Dawson,201286
580,Jerome Dyson,202406
581,Andre Emmett,2765
582,Semih Erden,201623
583,Maurice Evans,2230
584,Christian Eyenga,201963
585,Rudy Fernandez,201164
586,Kyrylo Fesenko,201178
587,Jonny Flynn,201938
588,Jeff Foote,202880
589,Gary Forbes,201814
590,Courtney Fortson,202622
591,Jeff Foster,1902
592,Dan Gadzuric,2429
593,Sundiata Gaines,202178
594,Mickell Gladness,202148
595,Ryan Gomes,101155
596,Donte Greene,201590
597,Luke Harangody,202376
598,Justin Harper,202712
599,Lazar Hayward,202351
600,Cory Higgins,202809
601,Darington Hobson,202359
602,Tyler Honeycutt,202715
603,Dennis Horner,202862
604,Josh Howard,2572
605,Stephen Jackson,1536
606,Armon Johnson,202356
607,Carldell Johnson,201291
608,JaJuan Johnson,202707
609,Dominique Jones,202346
610,D.J. Kennedy,202810
611,Travis Leslie,202727
612,Vernon Macklin,202731
613,Jamaal Magloire,2048
614,Tracy McGrady,1503
615,Dominic McGuire,201187
616,Darko Milicic,2545
617,Brad Miller,1802
618,Jamario Moon,200081
619,Mikki Moore,1630
620,Troy Murphy,2211
621,Eduardo Najera,2059
622,Jeremy Pargo,202951
623,Anthony Parker,1515
624,Dexter Pittman,202354
625,Michael Redd,2072
626,Ryan Reid,202385
627,Walker Russell,201041
628,Samardo Samuels,202396
629,Brian Scalabrine,2243
630,Josh Selby,202729
631,Bobby Simmons,2250
632,Diamon Simpson,202067
633,James Singleton,101189
634,Craig Smith,200783
635,Jerry Smith,202536
636,Kurt Thomas,703
637,Trey Thompkins,202717
638,Mychel Thompson,202814
639,Edwin Ubiles,202775
640,Ben Uzoh,202386
641,Von Wafer,101144
642,Ben Wallace,1112
643,Hakim Warrick,101124
644,Darryl Watkins,201208
645,Delonte West,2753
646,Jordan Williams,202716
647,Sean Williams,201157
648,Shelden Williams,200749
649,Yi Jianlian,201146
650,Josh Akognon,203006
651,Rodrigue Beaubois,201958
652,Andris Biedrins,2740
653,Kwame Brown,2198
654,Marcus Camby,948
655,Daequan Cook,201161
656,Marquis Daniels,2605
657,Carlos Delfino,2568
658,Justin Dentmon,202458
659,DeSagana Diop,2205
660,Keyon Dooling,2039
661,Chris Duhon,2768
662,Devin Ebanks,202365
663,Kim English,203119
664,Mickael Gelabale,101153
665,Daniel Gibson,200789
666,Hamed Haddadi,201632
667,Richard Hamilton,1888
668,Ben Hansbrough,203162
669,Terrel Harris,202227
670,Grant Hill,255
671,Juwan Howard,436
672,Royal Ivey,2767
673,Antawn Jamison,1712
674,Jared Jeffries,2407
675,Charles Jenkins,202724
676,Chris Johnson,202419
677,Ivan Johnson,201274
678,Orlando Johnson,203111
679,DeQuan Jones,203199
680,Kevin Jones,203158
681,Kris Joseph,203126
682,Jason Kidd,467
683,Linas Kleiza,101132
684,Viacheslav Kravtsov,203139
685,Malcolm Lee,202723
686,Scott Machado,203159
687,Corey Maggette,1894
688,Roger Mason Jr.,2427
689,Eric Maynor,201953
690,Fab Melo,203097
691,Kevin Murphy,203122
692,Lamar Odom,1885
693,Tim Ohlbrecht,203317
694,Daniel Orton,202350
695,Sasha Pavlovic,2562
696,Johan Petro,101130
697,Mickael Pietrus,2554
698,AJ Price,201985
699,Joel Przybilla,2038
700,Chris Quinn,200809
701,Vladimir Radmanovic,2209
702,Quentin Richardson,2047
703,Brandon Roy,200750
704,Tornike Shengelia,203129
705,Nolan Smith,202701
706,Jerry Stackhouse,711
707,DeShawn Stevenson,2052
708,DaJuan Summers,201969
709,Tyshawn Taylor,203116
710,Sebastian Telfair,2742
711,Tyrus Thomas,200748
712,Jamaal Tinsley,2224
713,Luke Walton,2575
714,Maalik Wayns,203146
715,James White,200778
716,Royce White,203091
717,Chris Wilcox,2404
718,Damien Wilkins,2863
719,Terrence Williams,201944
720,Chris Wright,203203
721,Sam Young,201970
722,Luke Zeller,202545
723,Jeff Adrien,202399
724,Ray Allen,951
725,Hilton Armstrong,200756
726,Gustavo Ayon,202970
727,Chris Babb,203569
728,Shane Battier,2203
729,Chauncey Billups,1497
730,Andray Blatche,101154
731,Keith Bogans,2586
732,Ronnie Brewer,200758
733,Shannon Brown,200769
734,Andrew Bynum,101115
735,Dionte Christmas,202091
736,Victor Claver,201964
737,Jason Collins,2215
738,Jared Cunningham,203099
739,Samuel Dalembert,2223
740,Brandon Davies,203561
741,Nando De Colo,201986
742,Chris Douglas-Roberts,201604
743,Shane Edwards,202197
744,Melvin Ely,2408
745,Vitor Faverani,203543
746,Carrick Felix,203467
747,Derek Fisher,965
748,Francisco Garcia,101128
749,Diante Garrett,203197
750,Aaron Gray,201189
751,Josh Harrellson,202725
752,Al Harrington,1733
753,Elias Harris,203548
754,Xavier Henry,202333
755,Scotty Hopson,203816
756,Damion James,202345
757,Mike James,2229
758,Othyus Jeffers,201785
759,Darius Johnson-Odom,203130
760,Andrei Kirilenko,1905
761,Doron Lamb,203117
762,Rashard Lewis,1740
763,Kenyon Martin,2030
764,Gal Mekel,203539
765,Tony Mitchell,203183
766,Arnett Moultrie,203102
767,Byron Mullens,201957
768,Erik Murphy,203513
769,Toure' Murry,203315
770,Steve Nash,959
771,Nemanja Nedovic,203517
772,Jermaine O'Neal,979
773,Greg Oden,201141
774,Travis Outlaw,2566
775,Jannero Pargo,2457
776,Josh Powell,2694
777,Miroslav Raduljica,203545
778,Anthony Randolph,201576
779,Shavlik Randolph,101183
780,Nate Robinson,101126
781,John Salmons,2422
782,Larry Sanders,202336
783,Chris Singleton,202698
784,Peyton Siva,203491
785,Chris Smith,203147
786,James Southerland,203480
787,Hasheem Thabeet,201934
788,Adonis Thomas,203519
789,Malcolm Thomas,202952
790,Ronny Turiaf,101142
791,Jeremy Tyler,202719
792,Jarvis Varnado,202363
793,Jan Vesely,202686
794,Casper Ware,203810
795,Earl Watson,2248
796,DJ White,201591
797,Elliot Williams,202343
798,Nate Wolters,203489
799,Furkan Aldemir,203128
800,Pero Antic,203544
801,Andrea Bargnani,200745
802,Earl Barron,2853
803,Jerrelle Benimon,203968
804,Anthony Bennett,203461
805,Sim Bhullar,204021
806,DeJuan Blair,201971
807,Vander Blue,203505
808,Carlos Boozer,2430
809,Jabari Brown,203913
810,Rasual Butler,2446
811,Will Bynum,101198
812,Nick Calathes,201979
813,Will Cherry,203805
814,Patrick Christopher,203565
815,Earl Clark,201947
816,Chris Copeland,203142
817,Gigi Datome,203540
818,Glen Davis,201175
819,Andre Dawkins,203958
820,Austin Daye,201948
821,Joey Dorsey,201595
822,Zoran Dragic,204054
823,Reggie Evans,2501
824,Landry Fields,202361
825,Jamaal Franklin,203479
826,Joel Freeland,200777
827,Ben Gordon,2732
828,Drew Gordon,204079
829,Danny Granger,101122
830,Erick Green,203475
831,Willie Green,2584
832,Chuck Hayes,101236
833,Brendan Haywood,2217
834,Ryan Hollins,200797
835,Lester Hudson,201991
836,Robbie Hummel,203133
837,Bernard James,203108
838,Cory Jefferson,203928
839,Grant Jerrett,203511
840,Nick Johnson,203910
841,Perry Jones III,203103
842,Jerome Jordan,202366
843,Alex Kirk,203945
844,Ognjen Kuzmic,203136
845,Ricky Ledo,203495
846,John Lucas III,101249
847,Shawn Marion,1890
848,Cartier Martin,201858
849,Jason Maxiell,101131
850,Ray McCallum,203492
851,Jerel McNeal,202077
852,Quincy Miller,203113
853,Darius Morris,202721
854,Gary Neal,202390
855,Arinze Onuaku,202620
856,Kostas Papanikolaou,203123
857,Phil Pressey,203515
858,Jason Richardson,2202
859,Luke Ridnour,2557
860,Alexey Shved,203144
861,Russ Smith,203893
862,Greg Stiemsma,201880
863,Jarnell Stokes,203950
864,Jeffery Taylor,203106
865,Hedo Turkoglu,2045
866,Henry Walker,201611
867,Gerald Wallace,2222
868,David Wear,204033
869,Martell Webster,101110
870,Reggie Williams,202130
871,Shawne Williams,200761
872,Dorell Wright,2748
873,Jordan Adams,203919
874,Cliff Alexander,1626146
875,Lou Amundson,200811
876,Chris Andersen,2365
877,James Anderson,202341
878,Thanasis Antetokounmpo,203648
879,Keith Appling,203951
880,Jeff Ayres,201965
881,Cameron Bairstow,203946
882,Steve Blake,2581
883,Matt Bonner,2588
884,Chris Bosh,2547
885,Elton Brand,1882
886,Kobe Bryant,977
887,Chase Budinger,201978
888,Caron Butler,2406
889,Coty Clarke,1626262
890,Bryce Cotton,203955
891,Branden Dawson,1626183
892,Bryce Dejean-Jones,1626214
893,Toney Douglas,201962
894,Duje Dukan,1626251
895,Tim Duncan,1495
896,Cleanthony Early,203921
897,Festus Ezeli,203105
898,Jordan Farmar,200770
899,Kevin Garnett,708
900,Alonzo Gee,202087
901,Drew Gooden,2400
902,Andrew Goudelock,202726
903,Jorge Gutierrez,203268
904,PJ Hairston,203798
905,Jordan Hamilton,202706
906,Tyler Hansbrough,201946
907,JJ Hickson,201581
908,Kirk Hinrich,2550
909,John Holland,204066
910,Marcelo Huertas,1626273
911,Damien Inglis,203996
912,Terrence Jones,203093
913,Chris Kaman,2549
914,Sergey Karasev,203508
915,Sasha Kaun,201619
916,Carl Landry,201171
917,Devyn Marble,203906
918,Kendall Marshall,203088
919,Kevin Martin,2755
920,O.J. Mayo,201564
921,Mitch McGary,203956
922,Andre Miller,1889
923,Nazr Mohammed,1737
924,Luis Montero,1626242
925,Steve Novak,200779
926,JJ O'Brien,1626266
927,Lamar Patterson,203934
928,Nikola Pekovic,201593
929,Tibor Pleiss,202353
930,Pablo Prigioni,203143
931,Tayshaun Prince,2419
932,Robert Sacre,203135
933,Luis Scola,2449
934,Henry Sims,203156
935,Donald Sloan,202388
936,Greg Smith,202962
937,Josh Smith,2746
938,Alex Stepheson,1627293
939,Amar'e Stoudemire,2405
940,Rodney Stuckey,201155
941,Jared Sullinger,203096
942,Hollis Thompson,203138
943,Jason Thompson,201574
944,Marcus Thornton,201977
945,Anderson Varejao,2760
946,Greivis Vasquez,202349
947,Charlie Villanueva,101111
948,Shayne Whittington,203963
949,Mo Williams,2590
950,Tony Wroten,203100
951,Alexis Ajinca,201582
952,Lavoy Allen,202730
953,Tony Allen,2754
954,Alan Anderson,101187
955,Joel Anthony,201202
956,Leandro Barbosa,2571
957,Matt Barnes,2440
958,Brandon Bass,101138
959,Ben Bentil,1627791
960,Joel Bolomboy,1627762
961,Bobby Brown,201628
962,Nicolas Brussino,1627852
963,Isaiah Canaan,203477
964,Omri Casspi,201956
965,Rakeem Christmas,1626176
966,Semaj Christon,203902
967,Norris Cole,202708
968,Boris Diaw,2564
969,Mike Dunleavy,2399
970,Monta Ellis,101145
971,Randy Foye,200751
972,Patricio Garino,1627868
973,Michael Gbinije,1627771
974,Archie Goodwin,203462
975,Justin Hamilton,203120
976,AJ Hammons,1627773
977,Manny Harris,202412
978,Spencer Hawes,201150
979,Gerald Henderson,201945
980,Roy Hibbert,201579
981,Jordan Hill,201941
982,Kris Humphries,2743
983,Pierre Jackson,203510
984,Brice Johnson,1627744
985,Dahntay Jones,2563
986,James Jones,2592
987,Ryan Kelly,203527
988,Mindaugas Kuzminskas,1627851
989,Nicolas Laprovittola,1627879
990,Ty Lawson,201951
991,David Lee,101135
992,Shawn Long,1627848
993,Sheldon Mac,1627815
994,James Michael McAdoo,203949
995,KJ McDaniels,203909
996,Josh McRoberts,201177
997,Mike Miller,2034
998,Elijah Millsap,202407
999,Anthony Morrow,201627
1000,Maurice Ndour,1626254
1001,Andrew Nicholson,203094
1002,Johnny O'Bryant III,203948
1003,Daniel Ochefu,1627849
1004,Adreian Payne,203940
1005,Paul Pierce,1718
1006,Ronnie Price,101179
1007,Tim Quarterman,1627817
1008,Willie Reed,203186
1009,Brian Roberts,203148
1010,Thomas Robinson,203080
1011,Sergio Rodriguez,200771
1012,Damjan Rudez,204014
1013,Brandon Rush,201575
1014,Kevin Seraphin,202338
1015,Tiago Splitter,201168
1016,Diamond Stone,1627754
1017,Edy Tavares,204002
1018,Mirza Teletovic,203141
1019,Mike Tobey,1627861
1020,Axel Toupane,1626253
1021,Beno Udrih,2757
1022,Jarrod Uthoff,1627784
1023,Rashad Vaughn,1626173
1024,Sasha Vujacic,2756
1025,C.J. Watson,201228
1026,CJ Wilcox,203912
1027,Deron Williams,101114
1028,Derrick Williams,202682
1029,Kyle Wiltjer,1627787
1030,Jeff Withey,203481
1031,Metta World Peace,1897
1032,Brandan Wright,201148
1033,James Young,203923
1034,Stephen Zimmerman,1627757
1035,Alex Abrines,203518
1036,Quincy Acy,203112
1037,Arron Afflalo,201167
1038,Cole Aldrich,202332
1039,Ike Anigbogu,1628387
1040,Carmelo Anthony,2546
1041,Darrell Arthur,201589
1042,Jamel Artis,1628503
1043,Omer Asik,201600
1044,Luke Babbitt,202337
1045,Ron Baker,1627758
1046,Wade Baldwin IV,1627735
1047,Michael Beasley,201563
1048,Jabari Bird,1628444
1049,Tarik Black,204028
1050,Trevor Booker,202344
1051,Aaron Brooks,201166
1052,MarShon Brooks,202705
1053,Anthony Brown,1626148
1054,Lorenzo Brown,203485
1055,Markel Brown,203900
1056,Dwight Buycks,202779
1057,Mario Chalmers,201596
1058,Gian Clavell,1628492
1059,Antonius Cleveland,1628499
1060,Kyle Collinsworth,1627858
1061,Nick Collison,2555
1062,Charles Cooke,1628429
1063,Jack Cooley,204022
1064,Matt Costello,1627856
1065,Jordan Crawford,202348
1066,Malcolm Delaney,1627098
1067,Milton Doyle,1628495
1068,Larry Drew II,203580
1069,Jarell Eddie,204067
1070,Tyler Ennis,203898
1071,Jeremy Evans,202379
1072,Tyreke Evans,201936
1073,Kay Felder,1627770
1074,Marcus Georges-Hunt,1627875
1075,Jonathan Gibson,1626780
1076,Manu Ginobili,1938
1077,Marcin Gortat,101162
1078,Josh Gray,1627982
1079,Daniel Hamilton,1627772
1080,Aaron Harrison,1626151
1081,Andrew Harrison,1626150
1082,Nigel Hayes,1628502
1083,Reggie Hearn,203687
1084,Myke Henry,1627988
1085,Darrun Hilliard,1626199
1086,Josh Huestis,203962
1087,Vincent Hunter,1626205
1088,Andre Ingram,201281
1089,Jarrett Jack,101127
1090,Aaron Jackson,1628935
1091,Demetrius Jackson,1627743
1092,Al Jefferson,2744
1093,Richard Jefferson,2210
1094,Brandon Jennings,201943
1095,Dakari Johnson,1626177
1096,Joe Johnson,2207
1097,Omari Johnson,204179
1098,Jalen Jones,1627883
1099,Sean Kilpatrick,203930
1100,Shane Larkin,203499
1101,Joffrey Lauvergne,203530
1102,DeAndre Liggins,202732
1103,Josh Magette,203705
1104,Mangok Mathiang,1628493
1105,Luc Mbah a Moute,201601
1106,Erik McCree,1628571
1107,Chris McCullough,1626191
1108,Trey McKinney-Jones,203590
1109,Ben McLemore,203463
1110,Jordan Mickey,1626175
1111,Ben Moore,1628500
1112,Jaylen Morris,1628537
1113,Timofey Mozgov,202389
1114,Shabazz Muhammad,203498
1115,Xavier Munford,204098
1116,Dejounte Murray,1627749
1117,Jameer Nelson,2749
1118,Lucas Nogueira,203512
1119,Emeka Okafor,2731
1120,Chinanu Onuaku,1627778
1121,Marcus Paige,1627779
1122,Georgios Papagiannis,1627834
1123,Justin Patton,1628383
1124,Brandon Paul,203464
1125,Cameron Payne,1626166
1126,Gary Payton II,1627780
1127,Kendrick Perkins,2570
1128,London Perrantes,1628506
1129,Alec Peters,1628409
1130,Marshall Plumlee,1627850
1131,Kristaps Porzingis,204001
1132,Jacob Pullen,1626643
1133,Rodney Purvis,1628681
1134,Zhou Qi,1627753
1135,Zach Randolph,2216
1136,Xavier Rathan-Mayes,1628504
1137,Malachi Richardson,1627781
1138,Andre Roberson,203460
1139,JaKarr Sampson,203960
1140,Ramon Sessions,201196
1141,Xavier Silas,202918
1142,Kobi Simmons,1628424
1143,Kyle Singler,202713
1144,Jason Smith,201160
1145,Marreese Speights,201578
1146,David Stockton,204065
1147,Julyan Stone,202933
1148,Isaiah Taylor,1627819
1149,Marquis Teague,203104
1150,Milos Teodosic,1628462
1151,Jason Terry,1891
1152,Tyler Ulis,1627755
1153,Denzel Valentine,1627756
1154,Derrick Walton Jr.,1628476
1155,Jameel Warney,1627866
1156,Travis Wear,204037
1157,James Webb III,1627821
1158,Briante Weber,1627362
1159,David West,2561
1160,Okaro White,1627855
1161,Andrew White III,1628510
1162,Isaiah Whitehead,1627785
1163,Jacob Wiley,1628451
1164,Matt Williams Jr.,1628475
1165,Jamil Wilson,203966
1166,Joe Young,1626202
1167,Nick Young,201156
1168,Paul Zipser,1627835
1169,Jaylen Adams,1629121
1170,Steven Adams,203500
1171,Bam Adebayo,1628389
1172,Deng Adel,1629061
1173,DeVaughn Akoon-Purcell,1629152
1174,LaMarcus Aldridge,200746
1175,Rawle Alkins,1628959
1176,Grayson Allen,1628960
1177,Jarrett Allen,1628386
1178,Kadeem Allen,1628443
1179,Al-Farouq Aminu,202329
1180,Justin Anderson,1626147
1181,Kyle Anderson,203937
1182,Ryan Anderson,201583
1183,Giannis Antetokounmpo,203507
1184,Kostas Antetokounmpo,1628961
1185,OG Anunoby,1628384
1186,Ryan Arcidiacono,1627853
1187,Trevor Ariza,2772
1188,D.J. Augustin,201571
1189,Deandre Ayton,1629028
1190,Dwayne Bacon,1628407
1191,Marvin Bagley III,1628963
1192,Lonzo Ball,1628366
1193,Mo Bamba,1628964
1194,J.J. Barea,200826
1195,Harrison Barnes,203084
1196,Will Barton,203115
1197,Keita Bates-Diop,1628966
1198,Nicolas Batum,201587
1199,Jerryd Bayless,201573
1200,Aron Baynes,203382
1201,Kent Bazemore,203145
1202,Bradley Beal,203078
1203,Malik Beasley,1627736
1204,Marco Belinelli,201158
1205,Jordan Bell,1628395
1206,DeAndre' Bembry,1627761
1207,Dragan Bender,1627733
1208,Dairis Bertans,1629541
1209,Davis Bertans,202722
1210,Patrick Beverley,201976
1211,Khem Birch,203920
1212,Bismack Biyombo,202687
1213,Nemanja Bjelica,202357
1214,Antonio Blakeney,1628469
1215,Eric Bledsoe,202339
1216,Jaron Blossomgame,1628417
1217,Bogdan Bogdanovic,203992
1218,Bojan Bogdanovic,202711
1219,Andrew Bogut,101106
1220,Jonah Bolden,1628413
1221,Isaac Bonga,1629067
1222,Devin Booker,1626164
1223,Chris Boucher,1628449
1224,Avery Bradley,202340
1225,Tony Bradley,1628396
1226,Corey Brewer,201147
1227,Mikal Bridges,1628969
1228,Miles Bridges,1628970
1229,Isaiah Briscoe,1628515
1230,Ryan Broekhoff,1629151
1231,Malcolm Brogdon,1627763
1232,Dillon Brooks,1628415
1233,Bruce Brown,1628971
1234,Jaylen Brown,1627759
1235,Sterling Brown,1628425
1236,Troy Brown Jr.,1628972
1237,Jalen Brunson,1628973
1238,Thomas Bryant,1628418
1239,Reggie Bullock,203493
1240,Trey Burke,203504
1241,Alec Burks,202692
1242,Deonte Burton,1629126
1243,Jimmy Butler,202710
1244,Bruno Caboclo,203998
1245,Jose Calderon,101181
1246,Kentavious Caldwell-Pope,203484
1247,Clint Capela,203991
1248,DeMarre Carroll,201960
1249,Jevon Carter,1628975
1250,Vince Carter,1713
1251,Wendell Carter Jr.,1628976
1252,Michael Carter-Williams,203487
1253,Alex Caruso,1627936
1254,Willie Cauley-Stein,1626161
1255,Troy Caupain,1628505
1256,Tyler Cavanaugh,1628463
1257,Tyson Chandler,2199
1258,Wilson Chandler,201163
1259,Joe Chealey,1629147
1260,Chris Chiozza,1629185
1261,Marquese Chriss,1627737
1262,Gary Clark,1629109
1263,Ian Clark,203546
1264,Jordan Clarkson,203903
1265,John Collins,1628381
1266,Zach Collins,1628380
1267,Darren Collison,201954
1268,Bonzie Colson,1629045
1269,Mike Conley,201144
1270,Pat Connaughton,1626192
1271,Quinn Cook,1626188
1272,DeMarcus Cousins,202326
1273,Robert Covington,203496
1274,Allen Crabbe,203459
1275,Torrey Craig,1628470
1276,Jamal Crawford,2037
1277,Mitchell Creek,1628249
1278,Jae Crowder,203109
1279,Dante Cunningham,201967
1280,Seth Curry,203552
1281,Stephen Curry,201939
1282,Troy Daniels,203584
1283,Anthony Davis,203076
1284,Deyonta Davis,1627738
1285,Ed Davis,202334
1286,Tyler Davis,1629093
1287,DeMar DeRozan,201942
1288,Dewayne Dedmon,203473
1289,Sam Dekker,1626155
1290,Angel Delgado,1629116
1291,Matthew Dellavedova,203521
1292,Luol Deng,2736
1293,Marcus Derrickson,1629094
1294,Donte DiVincenzo,1628978
1295,Cheick Diallo,1627767
1296,Hamidou Diallo,1628977
1297,Gorgui Dieng,203476
1298,Spencer Dinwiddie,203915
1299,Luka Doncic,1629029
1300,Tyler Dorsey,1628416
1301,Damyean Dotson,1628422
1302,PJ Dozier,1628408
1303,Goran Dragic,201609
1304,Andre Drummond,203083
1305,Jared Dudley,201162
1306,Kris Dunn,1627739
1307,Kevin Durant,201142
1308,Trevon Duval,1628979
1309,Vincent Edwards,1629053
1310,Henry Ellenson,1627740
1311,Wayne Ellington,201961
1312,Joel Embiid,203954
1313,James Ennis III,203516
1314,Drew Eubanks,1629234
1315,Jacob Evans,1628980
1316,Jawun Evans,1628393
1317,Dante Exum,203957
1318,Kenneth Faried,202702
1319,Derrick Favors,202324
1320,Cristiano Felicio,1626245
1321,Raymond Felton,101109
1322,Terrance Ferguson,1628390
1323,Yogi Ferrell,1627812
1324,Dorian Finney-Smith,1627827
1325,Bryn Forbes,1627854
1326,Evan Fournier,203095
1327,De'Aaron Fox,1628368
1328,Tim Frazier,204025
1329,Melvin Frazier Jr.,1628982
1330,Jimmer Fredette,202690
1331,Channing Frye,101112
1332,Markelle Fultz,1628365
1333,Danilo Gallinari,201568
1334,Langston Galloway,204038
1335,Billy Garrett,1628656
1336,Marc Gasol,201188
1337,Pau Gasol,2200
1338,Rudy Gay,200752
1339,Paul George,202331
1340,Taj Gibson,201959
1341,Harry Giles III,1628385
1342,Shai Gilgeous-Alexander,1628983
1343,Rudy Gobert,203497
1344,Brandon Goodwin,1629164
1345,Aaron Gordon,203932
1346,Eric Gordon,201569
1347,Devonte' Graham,1628984
1348,Treveon Graham,1626203
1349,Jerami Grant,203924
1350,Jerian Grant,1626170
1351,Donte Grantham,1629055
1352,Danny Green,201980
1353,Draymond Green,203110
1354,Gerald Green,101123
1355,JaMychal Green,203210
1356,Jeff Green,201145
1357,Blake Griffin,201933
1358,Dusty Hannahs,1628605
1359,Tim Hardaway Jr.,203501
1360,James Harden,201935
1361,Maurice Harkless,203090
1362,Montrezl Harrell,1626149
1363,Devin Harris,2734
1364,Gary Harris,203914
1365,Joe Harris,203925
1366,Tobias Harris,202699
1367,Shaquille Harrison,1627885
1368,Josh Hart,1628404
1369,Isaiah Hartenstein,1628392
1370,Udonis Haslem,2617
1371,Gordon Hayward,202330
1372,John Henson,203089
1373,Juancho Hernangomez,1627823
1374,Willy Hernangomez,1626195
1375,Mario Hezonja,1626209
1376,Isaiah Hicks,1628439
1377,Buddy Hield,1627741
1378,Haywood Highsmith,1629312
1379,Nene,2403
1380,George Hill,201588
1381,Solomon Hill,203524
1382,Aaron Holiday,1628988
1383,Jrue Holiday,201950
1384,Justin Holiday,203200
1385,Rondae Hollis-Jefferson,1626178
1386,Richaun Holmes,1626158
1387,Rodney Hood,203918
1388,Al Horford,201143
1389,Danuel House Jr.,1627863
1390,Dwight Howard,2730
1391,Kevin Huerter,1628989
1392,Isaac Humphries,1629353
1393,RJ Hunter,1626154
1394,Chandler Hutchison,1628990
1395,Serge Ibaka,201586
1396,Andre Iguodala,2738
1397,Ersan Ilyasova,101141
1398,Joe Ingles,204060
1399,Brandon Ingram,1627742
1400,Kyrie Irving,202681
1401,Jonathan Isaac,1628371
1402,Wes Iwundu,1628411
1403,Frank Jackson,1628402
1404,Josh Jackson,1628367
1405,Justin Jackson,1628382
1406,Reggie Jackson,202704
1407,Jaren Jackson Jr.,1628991
1408,LeBron James,2544
1409,Amile Jefferson,1628518
1410,John Jenkins,203098
1411,Jonas Jerebko,201973
1412,Alize Johnson,1628993
1413,Amir Johnson,101161
1414,BJ Johnson,1629168
1415,James Johnson,201949
1416,Stanley Johnson,1626169
1417,Tyler Johnson,204020
1418,Wesley Johnson,202325
1419,Nikola Jokic,203999
1420,Damian Jones,1627745
1421,Jemerrio Jones,1629203
1422,Tyus Jones,1626145
1423,Derrick Jones Jr.,1627884
1424,DeAndre Jordan,201599
1425,Cory Joseph,202709
1426,Frank Kaminsky,1626163
1427,Enes Kanter,202683
1428,Luke Kennard,1628379
1429,Michael Kidd-Gilchrist,203077
1430,George King,1628994
1431,Maxi Kleber,1628467
1432,Brandon Knight,202688
1433,Kevin Knox,1628995
1434,Furkan Korkmaz,1627788
1435,Luke Kornet,1628436
1436,Kyle Korver,2594
1437,Kosta Koufos,201585
1438,Rodions Kurucs,1629066
1439,Kyle Kuzma,1628398
1440,Zach LaVine,203897
1441,Skal Labissiere,1627746
1442,Jeremy Lamb,203087
1443,Jake Layman,1627774
1444,Caris LeVert,1627747
1445,TJ Leaf,1628388
1446,Courtney Lee,201584
1447,Damion Lee,1627814
1448,Walter Lemon Jr.,1627215
1449,Alex Len,203458
1450,Kawhi Leonard,202695
1451,Meyers Leonard,203086
1452,Jon Leuer,202720
1453,Damian Lillard,203081
1454,Jeremy Lin,202391
1455,Shaun Livingston,2733
1456,Zach Lofton,1629155
1457,Kevon Looney,1626172
1458,Brook Lopez,201572
1459,Robin Lopez,201577
1460,Kevin Love,201567
1461,Kyle Lowry,200768
1462,Jordan Loyd,1628070
1463,Kalin Lucas,203564
1464,Timothe Luwawu-Cabarrot,1627789
1465,Tyler Lydon,1628399
1466,Trey Lyles,1626168
1467,Shelvin Mack,202714
1468,Daryl Macon,1629133
1469,J.P. Macura,1629122
1470,Ian Mahinmi,101133
1471,Thon Maker,1627748
1472,Boban Marjanovic,1626246
1473,Lauri Markkanen,1628374
1474,Jarell Martin,1626185
1475,Frank Mason,1628412
1476,Yante Maten,1628999
1477,Wesley Matthews,202083
1478,Tahjere McCall,1628769
1479,Patrick McCaw,1627775
1480,CJ McCollum,203468
1481,T.J. McConnell,204456
1482,Doug McDermott,203926
1483,JaVale McGee,201580
1484,Rodney McGruder,203585
1485,Alfonzo McKinnie,1628035
1486,Jordan McRae,203895
1487,Jodie Meeks,201975
1488,Salah Mejri,1626257
1489,De'Anthony Melton,1629001
1490,Chimezie Metu,1629002
1491,Khris Middleton,203114
1492,CJ Miles,101139
1493,Darius Miller,203121
1494,Malcolm Miller,1626259
1495,Patty Mills,201988
1496,Paul Millsap,200794
1497,Shake Milton,1629003
1498,Nikola Mirotic,202703
1499,Donovan Mitchell,1628378
1500,Naz Mitrou-Long,1628513
1501,Malik Monk,1628370
1502,Greg Monroe,202328
1503,E'Twaun Moore,202734
1504,Eric Moreland,203961
1505,Marcus Morris,202694
1506,Markieff Morris,202693
1507,Monte Morris,1628420
1508,Donatas Motiejunas,202700
1509,Johnathan Motley,1628405
1510,Emmanuel Mudiay,1626144
1511,Jamal Murray,1627750
1512,Dzanan Musa,1629058
1513,Mike Muscala,203488
1514,Svi Mykhailiuk,1629004
1515,Abdel Nader,1627846
1516,Larry Nance Jr.,1626204
1517,Shabazz Napier,203894
1518,Raul Neto,203526
1519,Georges Niang,1627777
1520,Joakim Noah,201149
1521,Nerlens Noel,203457
1522,Dirk Nowitzki,1717
1523,Frank Ntilikina,1628373
1524,James Nunnally,203263
1525,Jusuf Nurkic,203994
1526,David Nwaba,1628021
1527,Royce O'Neale,1626220
1528,Kyle O'Quinn,203124
1529,Semi Ojeleye,1628400
1530,Jahlil Okafor,1626143
1531,Elie Okobo,1629059
1532,Josh Okogie,1629006
1533,Victor Oladipo,203506
1534,Kelly Olynyk,203482
1535,Cedi Osman,1626224
1536,Kelly Oubre Jr.,1626162
1537,Zaza Pachulia,2585
1538,Jabari Parker,203953
1539,Tony Parker,2225
1540,Chandler Parsons,202718
1541,Patrick Patterson,202335
1542,Chris Paul,101108
1543,Elfrid Payton,203901
1544,Theo Pinson,1629033
1545,Mason Plumlee,203486
1546,Miles Plumlee,203101
1547,Jakob Poeltl,1627751
1548,Quincy Pondexter,202347
1549,Otto Porter Jr.,203490
1550,Bobby Portis,1626171
1551,Dwight Powell,203939
1552,Norman Powell,1626181
1553,Alex Poythress,1627816
1554,Taurean Prince,1627752
1555,Ivan Rabb,1628397
1556,Chasson Randle,1626184
1557,Julius Randle,203944
1558,JJ Redick,200755
1559,Davon Reed,1628432
1560,Cameron Reynolds,1629244
1561,Josh Richardson,1626196
1562,Austin Rivers,203085
1563,Devin Robinson,1628421
1564,Duncan Robinson,1629130
1565,Jerome Robinson,1629010
1566,Mitchell Robinson,1629011
1567,Glenn Robinson III,203922
1568,Rajon Rondo,200765
1569,Derrick Rose,201565
1570,Terrence Ross,203082
1571,Terry Rozier,1626179
1572,Ricky Rubio,201937
1573,D'Angelo Russell,1626156
1574,Domantas Sabonis,1627734
1575,Brandon Sampson,1629102
1576,Dario Saric,203967
1577,Tomas Satoransky,203107
1578,Dennis Schroder,203471
1579,Mike Scott,203118
1580,Thabo Sefolosha,200757
1581,Wayne Selden,1627782
1582,Collin Sexton,1629012
1583,Landry Shamet,1629013
1584,Iman Shumpert,202697
1585,Pascal Siakam,1627783
1586,Jordan Sibert,1626296
1587,Ben Simmons,1627732
1588,Jonathon Simmons,203613
1589,Anfernee Simons,1629014
1590,Marcus Smart,203935
1591,Ish Smith,202397
1592,JR Smith,2747
1593,Zhaire Smith,1629015
1594,Dennis Smith Jr.,1628372
1595,Tony Snell,203503
1596,Ray Spalding,1629034
1597,Omari Spellman,1629016
1598,Nik Stauskas,203917
1599,DJ Stephens,203474
1600,Lance Stephenson,202362
1601,Edmond Sumner,1628410
1602,Caleb Swanigan,1628403
1603,Jayson Tatum,1628369
1604,Jeff Teague,201952
1605,Garrett Temple,202066
1606,Jared Terrell,1629123
1607,Emanuel Terry,1629150
1608,Daniel Theis,1628464
1609,Isaiah Thomas,202738
1610,Khyri Thomas,1629017
1611,Lance Thomas,202498
1612,Klay Thompson,202691
1613,Tristan Thompson,202684
1614,Sindarius Thornwell,1628414
1615,Anthony Tolliver,201229
1616,Karl-Anthony Towns,1626157
1617,Gary Trent Jr.,1629018
1618,Allonzo Trier,1629019
1619,PJ Tucker,200782
1620,Evan Turner,202323
1621,Myles Turner,1626167
1622,Ekpe Udoh,202327
1623,Jonas Valanciunas,202685
1624,Fred VanVleet,1627832
1625,Jarred Vanderbilt,1629020
1626,Noah Vonleh,203943
1627,Nikola Vucevic,202696
1628,Dwyane Wade,2548
1629,Moritz Wagner,1629021
1630,Dion Waiters,203079
1631,Kemba Walker,202689
1632,Lonnie Walker IV,1629022
1633,John Wall,202322
1634,Tyrone Wallace,1627820
1635,Brad Wanamaker,202954
1636,T.J. Warren,203933
1637,Julian Washburn,1627395
1638,Yuta Watanabe,1629139
1639,Thomas Welsh,1629118
1640,Russell Westbrook,201566
1641,Derrick White,1628401
1642,Hassan Whiteside,202355
1643,Andrew Wiggins,203952
1644,Alan Williams,1626210
1645,C.J. Williams,203710
1646,Johnathan Williams,1629140
1647,Kenrich Williams,1629026
1648,Lou Williams,101150
1649,Marvin Williams,101107
1650,Troy Williams,1627786
1651,Robert Williams III,1629057
1652,D.J. Wilson,1628391
1653,Justise Winslow,1626159
1654,Christian Wood,1626174
1655,Delon Wright,1626153
1656,Guerschon Yabusele,1627824
1657,Thaddeus Young,201152
1658,Trae Young,1629027
1659,Cody Zeller,203469
1660,Tyler Zeller,203092
1661,Ante Zizic,1627790
1662,Ivica Zubac,1627826
